<?xml version="1.0" encoding="UTF-8"?>
<!DOCTYPE suite SYSTEM "https://testng.org/testng-1.0.dtd">
<suite name="Suite">
<!--
  <test thread-count="5" name="Testing " >
  <parameter name="Browser" value="chrome"/>
  <parameter name="url" value="https://automationpanda.com/2021/12/29/want-to-practice-test-automation-try-these-demo-sites/" />
    <classes>
      <class name="com.qa.testscripts.TC_Scenario1"/>              
        </classes>
</test>
-->

<test thread-count="5" name="Testing " >
  <parameter name="Browser" value="chrome"/>
  <parameter name="url" value="https://www.flipkart.com/" />
    <classes>
      <class name="com.qa.testscripts.TC_Scenario2"/>              
        </classes>
</test>

</suite> <!-- Suite -->
